Serial_number,Model,Actual,Prediction,Active_probability,Failure_probability
0,0,,,0.9959365,0.004063486
0,0,Active,Active,0.9999291,7.091525e-05
0,0,,,0.99990916,9.0821966e-05
0,0,Active,Active,0.99988085,0.000119121796
0,0,,,0.99998605,1.39267595e-05
0,0,,,1.0967255e-05,0.99998903
0,0,Failed,Failed,0.99946404,0.00053594273
0,0,,,0.99994874,5.1245923e-05
0,0,,,0.9994779,0.0005220775
0,0,,,0.9788247,0.021175316
0,0,,,0.9986954,0.0013046439
0,0,,,0.99962467,0.0003753545
0,0,,,0.9996587,0.00034130446
0,0,Active,Active,0.99988997,0.00011004758
0,0,,,0.9960637,0.0039362633
0,0,,,0.9991618,0.0008382421
0,0,,,0.9999546,4.53996e-05
0,0,,,0.96661294,0.03338707
0,0,,,0.9999447,5.5326767e-05
0,0,Active,Active,0.999296,0.0007039852
0,0,,,0.99884945,0.0011505225
0,0,,,0.99981284,0.00018717548
0,0,Failed,Failed,0.9997104,0.00028960285
0,0,Active,Active,0.99963576,0.00036425184
0,0,,,0.9998845,0.00011552353
0,0,,,0.9999322,6.776928e-05
0,0,,,0.9999517,4.829173e-05
0,0,,,0.99958503,0.00041494693
0,0,,,0.99866366,0.0013363175
0,0,,,0.99991494,8.50399e-05
0,0,,,0.99977434,0.00022568408
0,0,,,0.99864155,0.0013584645
0,0,,,0.9998873,0.00011273233
0,0,,,0.9991249,0.0008751445
0,0,,,0.9999546,4.5390727e-05
0,0,,,0.99993956,6.0429593e-05
0,0,,,0.9999563,4.3674478e-05
0,0,,,2.849102e-05,0.9999715
0,0,Active,Active,0.9999194,8.055938e-05
0,0,,,0.9990549,0.0009450796
0,0,,,0.99362063,0.0063793804
0,0,Active,Active,0.99927473,0.00072524237
0,0,,,0.99996066,3.9352904e-05
0,0,,,0.99868023,0.001319766
0,0,Active,Active,0.9997989,0.00020109236
0,0,,,0.99940515,0.00059488235
0,0,Active,Active,0.99981284,0.00018717548
0,0,,,0.9940626,0.0059373784
0,0,,,5.8293343e-05,0.9999417
0,0,,,0.9997171,0.00028289907
0,0,Active,Active,0.99991304,8.694273e-05
0,0,,,0.013752282,0.9862477
0,0,Active,Active,0.99988997,0.00011004758
0,0,Active,Active,0.99961954,0.00038043613
0,0,,,0.00017434359,0.99982566
0,0,,,0.99993956,6.0429593e-05
0,0,,,0.998903,0.0010970389
0,0,,,0.99923974,0.0007602757
0,0,,,0.9998731,0.00012691747
0,0,,,0.9998932,0.000106810425
0,0,,,0.7637771,0.23622291
0,0,,,0.9996286,0.00037139197
0,0,,,0.00024169683,0.9997583
0,0,,,9.655952e-06,0.99999034
0,0,,,0.99985856,0.00014146733
0,0,Active,Active,0.99992317,7.680903e-05
0,0,,,0.9992593,0.0007407311
0,0,Active,Active,0.9998865,0.00011350237
0,0,,,0.36335808,0.6366419
0,0,,,2.9206276e-05,0.9999708
0,0,,,0.9997862,0.0002138066
0,0,,,0.9998307,0.00016929868
0,0,Active,Active,0.9999158,8.42468e-05
0,0,,,0.9973228,0.0026772209
0,0,,,0.99966556,0.00033446826
0,0,Active,Active,0.99969214,0.00030783346
0,0,,,8.094311e-05,0.99991906
0,0,,,0.9997823,0.00021764649
0,0,,,0.9997219,0.00027812322
0,0,,,0.999095,0.0009049774
0,0,,,0.00048446655,0.99951553
0,0,,,0.9999675,3.2490887e-05
0,0,,,0.99987173,0.00012828018
0,0,,,0.9989671,0.0010329048
0,0,,,0.9988194,0.0011805941
0,0,,,0.99840695,0.0015930322
0,0,,,0.999532,0.00046802126
0,0,,,0.9999341,6.5902466e-05
0,0,Active,Active,0.9998443,0.00015568949
0,0,Active,Active,0.99995387,4.6120356e-05
0,0,,,0.997786,0.0022139868
0,0,,,0.99990296,9.702349e-05
0,0,,,0.99994206,5.7932e-05
0,0,Failed,Failed,0.9982821,0.0017179421
0,0,,,0.99992216,7.7871926e-05
0,0,,,0.0013904572,0.99860954
0,0,,,0.99993956,6.0429593e-05
0,0,,,0.99994105,5.8921396e-05
0,0,,,0.9997461,0.00025394422
0,0,,,0.99973416,0.0002658445
0,0,,,0.99977815,0.00022186292
0,0,Active,Active,0.99988997,0.00011004758
0,0,,,0.9993484,0.0006516097
0,0,,,0.9999447,5.5308145e-05
0,0,,,0.999532,0.00046802126
0,0,,,0.9983939,0.0016060874
0,0,,,9.906292e-05,0.99990094
0,0,,,0.9995082,0.00049179804
0,0,,,0.9999582,4.1775947e-05
0,0,,,6.198883e-06,0.9999938
0,0,,,0.003502667,0.99649733
0,0,,,0.9930947,0.0069053425
0,0,,,0.00226897,0.99773103
0,0,,,0.9993736,0.00062639354
0,0,,,0.99974954,0.00025044332
0,0,,,9.441376e-05,0.9999056
0,0,,,0.998521,0.0014790102
0,0,,,0.99991935,8.064216e-05
0,0,Active,Active,0.99994534,5.467592e-05
0,0,,,0.99947053,0.0005294891
0,0,,,0.9995493,0.00045068772
0,0,,,0.9990139,0.0009860871
0,0,Active,Active,0.99984497,0.00015504756
0,0,Active,Active,0.99969804,0.00030198687
0,0,,,0.99986356,0.00013640731
0,0,,,0.99987614,0.0001238477
0,0,,,0.99772817,0.002271828
0,0,,,0.99968135,0.00031862775
0,0,,,0.9998904,0.00010964013
0,0,Active,Active,0.99988997,0.00011004758
0,0,,,0.99981964,0.00018038144
0,0,,,0.99989647,0.000103555074
0,0,Active,Active,0.9998676,0.00013237921
0,0,,,0.9996837,0.0003163057
0,0,,,5.4121017e-05,0.9999459
0,0,,,0.9996718,0.00032820698
0,0,,,2.1576881e-05,0.9999784
0,0,,,0.99946827,0.0005317476
0,0,Active,Active,0.9991972,0.0008027955
0,0,Active,Active,0.99944407,0.0005559219
0,0,,,0.99997514,2.4846047e-05
0,0,,,0.99988395,0.00011607863
0,0,,,0.99959743,0.00040256794
0,0,,,0.004295647,0.99570435
0,0,Active,Active,0.99905926,0.0009407408
0,0,,,0.0026706457,0.99732935
0,0,Failed,Failed,0.9999173,8.2645114e-05
0,0,,,0.9998966,0.00010342648
0,0,,,0.9997873,0.00021272522
0,0,,,0.99926347,0.0007365408
0,0,,,3.71933e-05,0.9999628
0,0,Active,Active,0.99988997,0.00011004758
0,0,,,0.053772807,0.9462272
0,0,Active,Active,0.9998676,0.00013237921
0,0,Active,Active,0.99988085,0.000119121796
0,0,,,0.99951553,0.00048447624
0,0,,,0.000106334686,0.99989367
0,0,Active,Active,0.9997104,0.00028960285
0,0,Active,Active,0.9998676,0.00013237921
0,0,,,0.9997513,0.00024867093
0,0,,,0.9998895,0.00011049342
0,0,,,0.00044041872,0.9995596
0,0,,,0.00090897083,0.999091
0,0,,,0.9998625,0.00013748516
0,0,,,0.9788247,0.021175316
0,0,Active,Active,0.9998948,0.00010517451
0,0,,,0.9996286,0.00037139197
0,0,,,0.9833974,0.016602596
0,0,,,0.995363,0.004636973
0,0,,,0.9998966,0.00010342648
0,0,,,0.9920752,0.007924783
0,0,,,0.9999136,8.640393e-05
0,0,Active,Active,0.9996254,0.00037461237
0,0,,,0.9993485,0.0006515079
0,0,,,0.9996926,0.00030737332
0,0,Active,Active,0.99979633,0.00020368629
0,0,,,0.99971557,0.00028442545
0,0,Active,Active,0.9998789,0.00012114177
0,0,,,0.9990366,0.00096338073
0,0,Failed,Failed,0.99988705,0.00011295776
0,0,Active,Active,0.99976116,0.00023886262
0,0,,,9.179115e-06,0.9999908
0,0,,,0.99989545,0.000104537
0,0,,,0.98067635,0.019323664
0,0,,,0.9965693,0.0034307304
0,0,,,0.9999657,3.4291177e-05
0,0,Active,Active,0.9957726,0.0042274124
0,0,,,0.99973416,0.0002658445
0,0,,,0.9993162,0.0006838102
0,0,,,0.99898934,0.0010106633
0,0,,,0.9998488,0.00015121745
0,0,,,0.9995587,0.00044133156
0,0,,,0.9990218,0.0009781558
0,0,Active,Active,0.9999158,8.42468e-05
0,0,,,0.99860084,0.0013991852
0,0,,,0.00480479,0.9951952
0,0,Active,Active,0.99988997,0.00011004758
0,0,,,0.99998915,1.0849039e-05
0,0,,,0.99990755,9.245595e-05
0,0,,,0.99992406,7.59603e-05
0,0,Failed,Failed,0.9998506,0.00014942749
0,0,,,0.99998146,1.8525847e-05
0,0,,,2.2649765e-06,0.99999774
0,0,,,0.98960286,0.010397118
0,0,Active,Active,0.99991626,8.376719e-05
0,0,Active,Active,0.9964451,0.0035549053
0,0,,,0.99988085,0.000119121796
0,0,,,0.99909776,0.00090222736
0,0,,,0.9999547,4.5325327e-05
0,0,,,0.9974424,0.002557594
0,0,,,0.9999181,8.1914564e-05
0,0,Active,Active,0.99791247,0.0020875582
0,0,,,0.9998551,0.00014487508
0,0,,,0.99972016,0.0002798188
0,0,Active,Active,0.9988102,0.0011898165
0,0,,,0.9998682,0.00013175623
0,0,,,0.9974213,0.0025786553
0,0,Active,Active,0.99988997,0.00011004758
0,0,Active,Active,0.99983704,0.00016295628
0,0,,,0.9999393,6.064874e-05
0,0,,,0.9998502,0.00014978013
0,0,,,0.9978895,0.002110472
0,0,,,0.00018781424,0.9998122
0,0,,,6.4373016e-06,0.99999356
0,0,,,0.99801946,0.0019805431
0,0,,,0.99960417,0.00039583794
0,0,,,0.99995923,4.0772113e-05
0,0,,,0.99497765,0.0050223386
0,0,,,0.9984911,0.001508894
0,0,,,0.99939996,0.00060002465
0,0,,,0.99975824,0.0002417437
0,0,,,0.99973553,0.0002644405
0,0,Active,Active,0.99981445,0.00018555381
0,0,,,0.98088944,0.019110579
0,0,,,0.99990535,9.462562e-05
0,0,,,0.00080925226,0.99919075
0,0,,,1.835823e-05,0.99998164
0,0,,,0.9799929,0.020007046
0,0,,,0.99983037,0.00016962006
0,0,,,0.99962705,0.00037296288
0,0,,,0.9998966,0.00010342648
0,0,,,0.9997851,0.00021488918
0,0,,,0.9993357,0.0006642675
0,0,,,0.9947875,0.00521249
0,0,,,0.99991494,8.50399e-05
0,0,Active,Active,0.99943405,0.00056595117
0,0,Active,Active,0.9999158,8.42468e-05
0,0,Active,Active,0.99995387,4.6120356e-05
0,0,Active,Active,0.9994084,0.000591575
0,0,,,0.9998904,0.00010964013
0,0,,,0.9998406,0.00015939008
0,0,,,0.9997445,0.0002555304
0,0,,,0.999852,0.00014800801
0,0,,,0.99986446,0.00013554921
0,0,,,0.9998966,0.00010342648
0,0,,,0.9993037,0.00069631985
0,0,Failed,Failed,0.99983585,0.00016412864
0,0,,,0.98183984,0.018160146
0,0,,,0.995364,0.0046359785
0,0,Active,Active,0.9992576,0.0007423964
0,0,,,0.9976136,0.002386368
0,0,,,0.999103,0.000896973
0,0,,,0.99954957,0.0004504435
0,0,Active,Active,0.99995446,4.553293e-05
0,0,,,0.9987213,0.0012787136
0,0,,,0.99996793,3.2064752e-05
0,0,,,0.99966186,0.00033813927
0,0,,,0.9999884,1.1640943e-05
0,0,,,2.9563904e-05,0.99997044
0,0,,,0.99831563,0.0016843685
0,0,Active,Active,0.99993646,6.3554246e-05
0,0,,,0.998694,0.0013060078
0,0,,,0.9998683,0.00013170108
0,0,,,0.99989337,0.00010664088
0,0,,,0.9998141,0.00018593266
0,0,Active,Active,0.99996793,3.2054846e-05
0,0,,,0.9971062,0.0028937897
0,0,Active,Active,0.9998843,0.000115678624
0,0,,,0.999532,0.00046802126
0,0,,,0.9998683,0.00013170108
0,0,Failed,Failed,0.9999158,8.42468e-05
0,0,Active,Active,0.99993443,6.557323e-05
0,0,,,0.9976614,0.0023385657
0,0,,,0.99985325,0.0001467437
0,0,,,0.9999791,2.0901412e-05
0,0,,,0.99906826,0.0009317642
0,0,Active,Active,0.99991447,8.5521824e-05
0,0,,,0.9997367,0.00026325765
0,0,,,0.9998731,0.00012691747
0,0,,,0.9981035,0.0018965094
0,0,,,0.99973714,0.00026288492
0,0,,,0.99966776,0.00033220783
0,0,,,0.999176,0.0008239854
0,0,,,0.9955548,0.0044451817
0,0,Active,Active,0.99926937,0.00073066104
0,0,,,0.9997461,0.00025394422
0,0,,,0.99687654,0.003123433
0,0,,,2.348423e-05,0.9999765
0,0,Active,Active,0.99918616,0.00081383804
0,0,,,0.9997577,0.00024230954
0,0,Active,Active,0.9995444,0.00045560463
0,0,Failed,Failed,0.9999193,8.0730635e-05
0,0,,,0.9999169,8.307741e-05
0,0,,,0.9995185,0.0004814785
0,0,,,0.9975134,0.0024865605
0,0,,,0.99650574,0.003494288
0,0,,,0.99901104,0.0009889633
0,0,,,0.9997641,0.00023590268
0,0,,,0.9999435,5.6531022e-05
0,0,Active,Active,0.99991447,8.5521824e-05
0,0,,,0.9998731,0.00012691747
0,0,Active,Active,0.9999014,9.859665e-05
0,0,,,0.99886894,0.0011310709
0,0,,,3.3020973e-05,0.999967
0,0,,,0.9997852,0.00021480722
0,0,,,0.9997188,0.00028121728
0,0,,,0.99989647,0.000103555074
0,0,,,0.99920666,0.00079333823
0,0,Active,Active,0.9999158,8.42468e-05
0,0,Failed,Failed,0.9998298,0.0001701462
0,0,,,0.9998406,0.00015939008
0,0,,,0.99978125,0.00021876415
0,0,Active,Active,0.9998189,0.00018109128
0,0,,,3.385544e-05,0.99996614
0,0,,,0.00024050474,0.9997595
0,0,Active,Active,0.99989355,0.00010643932
0,0,,,0.99821794,0.0017820842
0,0,,,0.99963844,0.00036158125
0,0,,,0.99886894,0.0011310709
0,0,,,0.99886894,0.0011310709
0,0,,,0.00012457371,0.9998754
0,0,,,0.9995606,0.00043942322
0,0,Active,Active,0.99991304,8.694273e-05
0,0,,,0.9999715,2.84775e-05
0,0,,,0.00129354,0.99870646
0,0,,,0.99982285,0.00017712844
0,0,,,0.9999067,9.3281305e-05
0,0,,,0.999532,0.00046802126
0,0,,,0.9942858,0.0057141883
0,0,Active,Active,0.9948372,0.0051627643
0,0,,,0.99744284,0.0025571636
0,0,,,4.673004e-05,0.99995327
0,0,,,0.9991617,0.00083829847
0,0,,,0.99689794,0.003102079
0,0,,,0.99746567,0.002534341
0,0,,,0.0006431937,0.9993568
0,0,Active,Active,0.99988705,0.00011295776
0,0,,,0.9983008,0.0016992084
0,0,,,0.99994624,5.376483e-05
0,0,,,0.9998926,0.000107401574
0,0,,,0.21873236,0.78126764
0,0,Active,Active,0.99921525,0.00078473514
0,0,,,0.9995885,0.00041152805
0,0,Active,Active,0.9998624,0.0001375978
0,0,Active,Active,0.99991626,8.376719e-05
0,0,,,0.99990535,9.462562e-05
0,0,Active,Active,0.9998418,0.0001581876
0,0,,,0.99994785,5.215559e-05
0,0,,,0.9655136,0.034486417
0,0,,,0.99966764,0.00033235384
0,0,,,0.98994154,0.0100584775
0,0,,,0.99992824,7.178746e-05
0,0,,,0.99991494,8.50399e-05
0,0,Active,Active,0.9997104,0.00028960285
0,0,,,0.9947289,0.0052710483
0,0,,,0.9998406,0.00015939008
0,0,Active,Active,0.98595613,0.014043839
0,0,,,0.83591616,0.16408387
0,0,,,0.9998488,0.00015121745
0,0,Active,Active,0.9999547,4.5325327e-05
0,0,,,0.9995793,0.00042066703
0,0,,,0.991519,0.008480996
0,0,Active,Active,0.9998865,0.00011350237
0,0,,,0.00029581785,0.9997042
0,0,,,3.2186508e-06,0.9999968
0,0,,,0.9988249,0.0011751015
0,0,,,0.9998192,0.00018076626
0,0,,,0.6988143,0.30118573
0,0,,,0.996761,0.0032389916
0,0,,,0.9999727,2.7277649e-05
0,0,,,0.9999103,8.9685665e-05
0,0,,,0.9997797,0.00022029759
0,0,,,0.99924767,0.0007523001
0,0,Active,Active,0.99920774,0.0007922745
0,0,Active,Active,0.99962443,0.00037559215
0,0,,,0.99983966,0.00016032813
0,0,Active,Active,0.99962443,0.00037559215
0,0,,,0.9996786,0.00032140897
0,0,Active,Active,0.9998585,0.00014152507
0,0,,,0.99991494,8.50399e-05
0,0,,,0.999527,0.00047304493
0,0,,,6.914139e-06,0.9999931
0,0,,,0.00013613701,0.99986386
0,0,,,0.9998676,0.00013237921
0,0,,,0.9999547,4.5325327e-05
0,0,,,2.6226044e-06,0.9999974
0,0,,,0.008697867,0.99130213
0,0,,,0.9995822,0.00041781052
0,0,Active,Active,0.9999158,8.42468e-05
0,0,,,0.99170935,0.008290665
0,0,,,0.99982274,0.00017725787
0,0,Active,Active,0.9999622,3.77603e-05
0,0,,,0.9999919,8.102935e-06
0,0,,,0.99983966,0.00016032813
0,0,,,7.390976e-06,0.9999926
0,0,,,2.0384789e-05,0.9999796
0,0,,,0.9998367,0.00016334381
0,0,,,3.4809113e-05,0.9999652
0,0,,,0.008093715,0.9919063
0,0,,,0.99987143,0.00012856477
0,0,,,0.99992985,7.014977e-05
0,0,Active,Active,0.99961954,0.00038043613
0,0,,,0.99854994,0.0014500453
0,0,,,0.99971694,0.00028304907
0,0,,,0.99971366,0.000286321
0,0,,,0.99994135,5.8634134e-05
0,0,,,0.9980215,0.0019785264
0,0,,,0.9993177,0.0006823133
0,0,,,0.9996145,0.0003855138
0,0,,,0.99904305,0.0009569766
0,0,Active,Active,0.9993913,0.00060865894
0,0,,,8.225441e-06,0.9999918
0,0,,,0.9999157,8.4288346e-05
0,0,,,0.9982812,0.0017187962
0,0,Active,Active,0.99993,6.997946e-05
0,0,Active,Active,0.999914,8.598245e-05
0,0,Active,Active,0.99945027,0.00054973876
0,0,,,0.9753207,0.024679277
0,0,,,0.99987227,0.00012771241
0,0,,,0.9999258,7.420216e-05
0,0,Active,Active,0.9998374,0.00016262892
0,0,,,0.99974,0.00026000093
0,0,,,0.9949826,0.005017371
0,0,,,0.99943894,0.0005610845
0,0,Active,Active,0.9964308,0.0035691946
0,0,Active,Active,0.9999282,7.183012e-05
0,0,,,0.99935627,0.00064371905
0,0,,,0.99938166,0.0006183111
0,0,,,0.99994105,5.8921396e-05
0,0,,,0.9999236,7.644178e-05
0,0,,,0.9980615,0.0019385417
0,0,,,0.99996907,3.0951283e-05
0,0,,,0.99981284,0.00018717548
0,0,,,0.0001949668,0.99980503
0,0,,,0.9993288,0.0006711927
0,0,Active,Active,0.99932766,0.0006723172
0,0,,,0.9997186,0.0002814045
0,0,Active,Active,0.9997679,0.00023208061
0,0,,,3.9458275e-05,0.99996054
0,0,Active,Active,0.99974483,0.0002551638
0,0,,,0.99100375,0.008996242
0,0,,,0.00017023087,0.99982977
0,0,,,0.95901036,0.040989645
0,0,,,0.9999105,8.9505396e-05
0,0,,,7.939339e-05,0.9999206
0,0,,,0.99018264,0.00981737
0,0,,,0.99991494,8.50399e-05
0,0,,,0.99647325,0.0035267347
0,0,,,0.9896774,0.010322549
0,0,,,0.9995032,0.00049677526
0,0,,,0.000121593475,0.9998784
0,0,,,0.008093715,0.9919063
0,0,,,0.9998845,0.00011552353
0,0,,,0.99928665,0.0007133618
0,0,,,0.9993395,0.00066049123
0,0,,,0.9920264,0.00797363
0,0,,,0.9998966,0.00010342648
0,0,Active,Active,0.99982893,0.00017109305
0,0,,,0.99790484,0.002095185
0,0,Active,Active,0.9985208,0.0014792376
0,0,,,1.4662743e-05,0.99998534
0,0,,,0.9999702,2.97926e-05
0,0,,,0.9994888,0.00051121134
0,0,,,0.9998406,0.00015939008
0,0,,,0.9997617,0.00023828416
0,0,,,0.995363,0.004636973
0,0,Active,Active,0.9998189,0.00018109128
0,0,,,5.841255e-06,0.99999416
0,0,,,0.9998406,0.00015939008
0,0,,,0.99985856,0.00014146733
0,0,,,3.9339066e-06,0.99999607
0,0,,,0.99827576,0.0017242653
0,0,,,0.9999571,4.2892025e-05
0,0,,,0.99376446,0.006235554
0,0,,,1.4066696e-05,0.99998593
0,0,,,0.99917847,0.00082152046
0,0,,,0.99995005,4.9973587e-05
0,0,,,0.99931145,0.0006885733
0,0,,,5.1259995e-05,0.99994874
0,0,Active,Active,0.9998219,0.00017808747
0,0,Active,Active,0.9999193,8.0730635e-05
0,0,,,0.10897738,0.8910226
0,0,,,0.99987316,0.00012681186
0,0,,,0.99843323,0.0015667635
0,0,Active,Active,0.99974155,0.00025843875
0,0,,,0.00040715933,0.99959284
0,0,,,0.99240655,0.0075934334
0,0,Active,Active,0.9998831,0.00011685715
0,0,,,3.3140182e-05,0.99996686
0,0,,,0.9998653,0.00013470474
0,0,,,0.9999097,9.032689e-05
0,0,Active,Active,0.99943304,0.00056698837
0,0,,,0.99953413,0.00046584496
0,0,,,0.999893,0.00010701116
0,0,,,5.042553e-05,0.9999496
0,0,,,0.99978435,0.00021563297
0,0,,,0.1135326,0.8864674
0,0,,,0.9987027,0.0012973135
0,0,,,0.99981344,0.00018655794
0,0,Active,Active,0.99283147,0.0071685114
0,0,,,0.9999702,2.97926e-05
0,0,,,0.9995735,0.00042646917
0,0,Failed,Failed,0.99991894,8.109058e-05
0,0,,,0.99928033,0.00071968243
0,0,,,0.9999179,8.210225e-05
0,0,,,0.9999831,1.690635e-05
0,0,,,0.9985926,0.0014073886
0,0,,,2.4437904e-05,0.99997556
0,0,Active,Active,0.99988085,0.000119121796
0,0,,,0.99934125,0.0006587659
0,0,,,0.9997997,0.0002002837
0,0,,,0.997786,0.0022139868
0,0,,,0.9945037,0.0054962942
0,0,Active,Active,0.99972016,0.0002798188
0,0,,,0.9996718,0.00032820698
0,0,,,0.9992481,0.0007519392
0,0,,,0.9998966,0.00010342648
0,0,,,0.9998276,0.00017239853
0,0,Active,Active,0.9995054,0.0004945827
0,0,,,0.9998494,0.00015064007
0,0,,,0.0005349517,0.99946505
0,0,,,0.99943835,0.0005616251
0,0,,,0.9990071,0.0009929229
0,0,,,0.9988109,0.0011891254
0,0,Active,Active,0.999781,0.00021900811
0,0,Active,Active,0.9999547,4.5325327e-05
0,0,,,0.9981265,0.0018735228
0,0,,,0.999532,0.00046802126
0,0,,,0.9986724,0.001327574
0,0,,,0.00038844347,0.99961156
0,0,,,2.8371811e-05,0.9999716
0,0,Active,Active,0.9999193,8.0730635e-05
0,0,,,0.998088,0.0019119933
0,0,,,0.99970555,0.00029447666
0,0,,,0.9863466,0.013653373
0,0,,,0.99974865,0.0002513406
0,0,,,0.99964094,0.00035904266
0,0,Active,Active,0.9993834,0.00061663036
0,0,,,0.9999619,3.811579e-05
0,0,,,0.009465277,0.9905347
0,0,Active,Active,0.99964726,0.0003527677
0,0,,,0.0007507205,0.9992493
0,0,,,0.9973504,0.0026496046
0,0,,,0.9999627,3.728802e-05
0,0,,,0.9966803,0.0033197068
0,0,,,0.9990356,0.00096441986
0,0,,,0.9998873,0.00011272716
0,0,Failed,Failed,0.9999205,7.953334e-05
0,0,Failed,Failed,0.99983525,0.00016472676
0,0,,,0.99990535,9.462562e-05
0,0,,,0.9997508,0.00024919095
0,0,,,0.00014352798,0.9998565
0,0,,,0.0064923763,0.9935076
0,0,,,0.9997136,0.0002864119
0,0,Active,Active,0.99993664,6.334302e-05
0,0,,,0.99897015,0.0010298628
0,0,,,0.00011217594,0.9998878
0,0,,,0.97570276,0.024297245
0,0,,,0.9993472,0.0006527773
0,0,,,0.99991494,8.50399e-05
0,0,,,0.99917233,0.0008276658
0,0,,,9.214878e-05,0.99990785
0,0,Active,Active,0.99988997,0.00011004758
0,0,,,0.9999628,3.7220343e-05
0,0,,,0.99976283,0.00023717397
0,0,,,0.9999119,8.807393e-05
0,0,Active,Active,0.9997104,0.00028960285
0,0,Active,Active,0.9997104,0.00028960285
0,0,,,0.0005762577,0.99942374
0,0,,,0.99986833,0.00013167283
0,0,,,0.99974734,0.00025266156
0,0,,,0.99994355,5.646513e-05
0,0,,,0.9994016,0.00059840013
0,0,,,0.9998059,0.00019404435
0,0,,,6.365776e-05,0.99993634
0,0,,,0.99950397,0.0004960116
0,0,Active,Active,0.9997104,0.00028960285
0,0,Active,Active,0.9956026,0.004397417
0,0,,,0.99996287,3.7128204e-05
0,0,,,0.9998406,0.00015939008
0,0,,,0.99886376,0.0011362534
0,0,,,0.9998262,0.00017378807
0,0,Active,Active,0.99984497,0.00015504756
0,0,,,0.9997617,0.00023828416
0,0,,,0.9990403,0.0009596984
0,0,,,0.9997643,0.00023568439
0,0,,,0.9996157,0.00038429996
0,0,,,0.9965029,0.0034971398
0,0,,,0.99827576,0.0017242653
0,0,Active,Active,0.99983746,0.00016251652
0,0,,,6.353855e-05,0.99993646
0,0,Active,Active,0.9994421,0.0005578716
0,0,,,8.46386e-06,0.99999154
0,0,,,0.9998502,0.00014978013
0,0,Active,Active,0.99961954,0.00038043613
0,0,,,0.99979895,0.00020103983
0,0,,,0.9997171,0.00028289907
0,0,,,0.9996255,0.00037451668
0,0,,,0.9984026,0.0015973975
0,0,,,0.9981064,0.0018936025
0,0,,,0.9992491,0.00075087836
0,0,,,0.9997569,0.00024314615
0,0,,,3.71933e-05,0.9999628
0,0,,,0.9998062,0.00019378439
0,0,Active,Active,0.9998948,0.00010517451
0,0,Active,Active,0.99975806,0.00024194362
0,0,Failed,Failed,0.99988705,0.00011295776
0,0,Active,Active,0.99948466,0.0005153335
0,0,,,0.99985504,0.00014493478
0,0,,,0.9981191,0.0018808749
0,0,,,0.99973273,0.0002672623
0,0,,,0.99701,0.002989989
0,0,,,0.9970839,0.002916109
0,0,,,0.9966648,0.0033352042
0,0,,,0.9996777,0.0003222761
0,0,Active,Active,0.99981534,0.00018465827
0,0,Active,Active,0.99984497,0.00015504756
0,0,,,0.999962,3.8009803e-05
0,0,,,2.7656555e-05,0.99997234
0,0,,,0.9998488,0.00015121745
0,0,Active,Active,0.99719477,0.002805212
0,0,,,0.99996954,3.047827e-05
0,0,,,0.98785716,0.012142851
0,0,Active,Active,0.8472421,0.15275787
0,0,,,0.9991379,0.00086215045
0,0,,,0.99631727,0.0036827198
0,0,,,0.014709115,0.9852909
0,0,,,0.9995885,0.00041152805
0,0,Active,Active,0.99988997,0.00011004758
0,0,,,0.67488086,0.32511917
0,0,,,0.99983615,0.00016382766
0,0,,,0.9995185,0.0004814785
0,0,Active,Active,0.9998235,0.00017647738
0,0,,,0.9977817,0.0022183203
0,0,,,0.99957585,0.0004241594
0,0,,,0.5116892,0.48831084
0,0,Active,Active,0.99991465,8.5368476e-05
0,0,,,0.99905366,0.00094636757
0,0,,,0.00014734268,0.99985266
0,0,,,0.9997617,0.00023828416
0,0,Active,Active,0.99985087,0.00014911052
0,0,,,0.9998488,0.00015121745
0,0,Active,Active,0.99993,6.997946e-05
0,0,,,0.00012934208,0.99987066
0,0,,,0.9981265,0.0018735228
0,0,,,1.859665e-05,0.9999814
0,0,,,0.48645496,0.51354504
0,0,,,0.99991876,8.1264516e-05
0,0,,,0.9994083,0.0005916872
0,0,,,0.99958235,0.00041767056
0,0,Active,Active,0.99953026,0.00046973192
0,0,,,2.9563904e-05,0.99997044
0,0,,,0.99991447,8.552802e-05
0,0,,,1.013279e-05,0.99998987
0,0,,,0.99719054,0.002809461
0,0,,,0.9994084,0.000591575
0,0,,,0.99974,0.00026000093
0,0,Active,Active,0.99930495,0.00069502444
0,0,,,0.9996186,0.00038141973
0,0,Active,Active,0.9998298,0.0001701462
0,0,,,0.9993727,0.00062725233
0,0,Active,Active,0.99996793,3.2054846e-05
0,0,,,0.99693733,0.0030626669
0,0,,,0.9884329,0.0115670925
0,0,,,0.997874,0.0021259754
0,0,,,0.9977623,0.0022377071
0,0,,,0.9996496,0.0003504299
0,0,Failed,Failed,0.9998151,0.00018491446
0,0,,,0.99993956,6.0429593e-05
0,0,,,8.583069e-06,0.9999914
0,0,,,0.99442154,0.005578431
0,0,,,0.99835587,0.0016441544
0,0,,,0.97889537,0.021104649
0,0,Active,Active,0.9998506,0.00014942749
0,0,,,0.9994421,0.0005578716
0,0,Active,Active,0.996761,0.0032389916
0,0,,,0.999504,0.0004959903
0,0,,,0.9990164,0.0009836035
0,0,,,0.9998062,0.00019378439
0,0,,,0.99994624,5.376483e-05
0,0,,,0.00041252375,0.9995875
0,0,,,0.9984612,0.0015387844
0,0,,,0.999798,0.00020200555
0,0,,,0.99152803,0.008471951
0,0,,,0.00033819675,0.9996618
0,0,,,0.9980911,0.0019088945
0,0,,,0.0011613965,0.9988386
0,0,,,0.9534679,0.046532094
0,0,Failed,Failed,0.99988705,0.00011295776
0,0,,,0.9996534,0.00034660898
0,0,,,0.9991536,0.0008464149
0,0,,,0.9998341,0.00016585682
0,0,,,0.9989153,0.0010847067
0,0,,,3.695488e-06,0.9999963
0,0,,,0.99895275,0.0010472769
0,0,,,0.9993288,0.0006711927
0,0,,,0.99942833,0.00057166786
0,0,,,1.2040138e-05,0.99998796
0,0,Active,Active,0.9997557,0.00024432433
0,0,Active,Active,0.99491566,0.005084314
0,0,,,0.9948038,0.005196216
0,0,,,0.9999153,8.469328e-05
0,0,Active,Active,0.9999466,5.3392665e-05
0,0,,,0.99886894,0.0011310709
0,0,,,0.99863684,0.0013631573
0,0,,,0.008061945,0.99193805
0,0,,,0.9998966,0.00010342648
0,0,,,0.9996569,0.00034310468
0,0,,,0.9651283,0.03487172
0,0,,,0.99987924,0.00012077752
0,0,,,0.99974483,0.0002551638
0,0,,,0.9998837,0.00011629844
0,0,Active,Active,0.99990016,9.986564e-05
0,0,,,0.9999554,4.456847e-05
0,0,Active,Active,0.9997104,0.00028960285
0,0,,,0.99864155,0.0013584645
0,0,Active,Active,0.99991626,8.376719e-05
0,0,,,0.99993306,6.692183e-05
0,0,,,0.99973965,0.00026032812
0,0,,,0.0010659099,0.9989341
0,0,Active,Active,0.99988705,0.00011295776
0,0,,,0.99767345,0.0023265304
0,0,,,0.99942833,0.00057166786
0,0,,,0.9994327,0.00056732947
0,0,Active,Active,0.9999309,6.9088164e-05
0,0,,,0.00470078,0.9952992
0,0,,,0.99894804,0.001051939
0,0,,,0.99991035,8.966523e-05
0,0,Active,Active,0.9998298,0.0001701462
0,0,,,0.9998241,0.00017587465
0,0,Active,Active,0.9999158,8.42468e-05
0,0,,,0.99929255,0.0007074326
0,0,,,0.9986667,0.0013333167
0,0,Active,Active,0.9979291,0.0020709273
0,0,,,7.83205e-05,0.9999217
0,0,Active,Active,0.9999073,9.270154e-05
0,0,,,0.00011563301,0.99988437
0,0,,,0.27582198,0.724178
0,0,,,0.99826676,0.0017332317
0,0,,,0.96623373,0.033766262
0,0,,,0.9993685,0.0006314917
0,0,,,0.00011730194,0.9998827
0,0,,,0.99920464,0.00079537666
0,0,,,0.9998765,0.0001235229
0,0,,,0.9993052,0.0006948327
0,0,,,0.99989235,0.000107652384
0,0,,,0.9998084,0.00019165743
0,0,,,0.99990183,9.815498e-05
0,0,,,0.99912703,0.0008729962
0,0,,,0.99616665,0.003833341
0,0,,,0.99989545,0.000104537
0,0,,,0.9998439,0.00015609126
0,0,,,0.9997707,0.00022932583
0,0,,,0.7304219,0.2695781
0,0,,,0.0001591444,0.99984086
0,0,,,0.00024610758,0.9997539
0,0,Active,Active,0.9998074,0.0001925781
0,0,,,0.9999917,8.261166e-06
0,0,,,0.99963194,0.00036806823
0,0,,,0.9993751,0.0006249019
0,0,,,0.9995555,0.00044447652
0,0,,,0.9995941,0.00040590062
0,0,,,0.00018113852,0.99981886
0,0,,,0.9976136,0.002386368
0,0,,,9.775162e-06,0.9999902
0,0,,,0.99949235,0.0005076274
0,0,,,5.376339e-05,0.99994624
0,0,,,0.99974287,0.00025713904
0,0,Active,Active,0.9998506,0.00014942749
0,0,Active,Active,0.99983585,0.00016412864
0,0,,,0.9968881,0.00311189
0,0,,,0.99884427,0.0011557323
0,0,,,1.4901161e-05,0.9999851
0,0,,,1.4424324e-05,0.9999856
0,0,,,0.9996398,0.00036016986
0,0,,,0.9972525,0.0027474836
0,0,,,0.98960286,0.010397118
0,0,,,0.99962705,0.00037296288
0,0,,,0.00010716915,0.99989283
0,0,,,0.99920666,0.00079333823
0,0,,,0.9916007,0.008399337
0,0,,,0.99930257,0.0006974267
0,0,,,0.9991037,0.00089625805
0,0,,,3.361702e-05,0.9999664
0,0,,,0.9997999,0.0002000848
0,0,Active,Active,0.99991465,8.5368476e-05
0,0,,,0.99991775,8.224996e-05
0,0,Active,Active,0.9997104,0.00028960285
0,0,,,0.9991797,0.0008202693
0,0,,,0.99990046,9.9555764e-05
0,0,,,0.99943894,0.0005610845
0,0,,,0.99991494,8.50399e-05
0,0,,,0.9998279,0.00017209617
0,0,,,0.9999544,4.560093e-05
0,0,,,0.9997518,0.00024820407
0,0,,,2.6345253e-05,0.99997365
0,0,,,0.9999582,4.1775947e-05
0,0,,,0.9997136,0.0002864119
0,0,,,0.999342,0.00065796054
0,0,,,0.9990039,0.0009961112
0,0,,,0.9996718,0.00032820698
0,0,,,0.99757695,0.002423073
0,0,,,0.99985856,0.00014146733
0,0,Active,Active,0.99945027,0.00054973876
0,0,Active,Active,0.9999203,7.970242e-05
0,0,,,0.9998845,0.00011552353
0,0,,,0.9788247,0.021175316
0,0,Failed,Failed,0.99989134,0.000108646
0,0,Active,Active,0.99943686,0.0005631362
0,0,,,0.9996513,0.00034869582
0,0,Active,Active,0.9999205,7.953334e-05
0,0,,,0.9990701,0.00092990353
0,0,,,0.99993855,6.146533e-05
0,0,Active,Active,0.99988705,0.00011295776
0,0,,,0.9895841,0.010415925
0,0,,,0.99916023,0.0008397927
0,0,,,0.87213296,0.12786706
0,0,,,0.9998497,0.0001503006
0,0,,,0.99965096,0.0003490419
0,0,,,1.04904175e-05,0.9999895
0,0,,,2.3841858e-05,0.99997616
0,0,Active,Active,0.73650706,0.2634929
0,0,,,0.9998862,0.00011380962
0,0,,,0.9999605,3.9503455e-05
0,0,Active,Active,0.9849645,0.015035494
0,0,,,0.0002680421,0.99973196
0,0,,,1.7762184e-05,0.99998224
0,0,Failed,Failed,0.99961954,0.00038043613
0,0,,,0.997786,0.0022139868
0,0,,,0.9987247,0.0012752874
0,0,,,0.9998731,0.00012691747
0,0,,,0.9981265,0.0018735228
0,0,,,0.9942373,0.0057627237
0,0,,,0.0005110502,0.99948895
0,0,,,2.9802322e-06,0.999997
0,0,Failed,Failed,0.99988997,0.00011004758
0,0,,,0.9995725,0.0004274725
0,0,,,0.9984026,0.0015973975
0,0,,,0.99961007,0.00038993085
0,0,,,0.99972713,0.00027288237
0,0,Active,Active,0.99988705,0.00011295776
0,0,,,0.99980575,0.00019426002
0,0,Active,Active,0.9999158,8.42468e-05
0,0,,,0.9997445,0.0002555304
0,0,,,0.9998261,0.00017394406
0,0,,,0.99846375,0.0015362793
0,0,,,4.053116e-06,0.99999595
0,0,,,0.99969923,0.00030076056
0,0,,,0.9975909,0.0024090814
0,0,,,0.99987966,0.000120367185
0,0,,,0.9997806,0.00021939496
0,0,,,0.9999684,3.1571442e-05
0,0,,,0.99998665,1.332756e-05
0,0,Failed,Failed,0.9998847,0.00011524945
0,0,,,0.9998941,0.00010593031
0,0,,,0.9998904,0.00010964013
0,0,Failed,Failed,0.9995054,0.0004945827
0,0,,,0.9999142,8.577551e-05
0,0,,,0.9998683,0.00013170108
0,0,,,0.9999341,6.5902466e-05
0,0,Active,Active,0.9995947,0.00040532334
0,0,Active,Active,0.90453184,0.09546817
0,0,Active,Active,0.9919601,0.008039889
0,0,,,0.9998475,0.00015251494
0,0,,,0.9999873,1.2700903e-05
0,0,Active,Active,0.9999173,8.2645114e-05
0,0,,,0.9993727,0.00062725233
0,0,Failed,Failed,0.99984497,0.00015504756
0,0,,,0.9995653,0.00043472266
0,0,,,0.9999223,7.771043e-05
0,0,,,0.00013613701,0.99986386
0,0,,,0.99986446,0.00013554921
0,0,,,0.9999269,7.305811e-05
0,0,,,0.9999485,5.1488252e-05
0,0,,,0.9991797,0.0008202693
0,0,,,0.9998406,0.00015939008
0,0,,,0.9998279,0.00017209617
0,0,,,8.1181526e-05,0.9999188
0,0,,,0.99988574,0.00011426013
0,0,,,0.9999349,6.50719e-05
0,0,Active,Active,0.9991465,0.0008534591
0,0,Active,Active,0.9999622,3.77603e-05
0,0,,,0.98875374,0.011246273
0,0,,,0.9998795,0.00012053845
0,0,,,0.999176,0.0008239854
0,0,,,0.99966776,0.00033220783
0,0,,,0.99919605,0.00080393156
0,0,,,0.9995999,0.00040014146
0,0,,,0.99989647,0.000103555074
0,0,,,0.9984649,0.0015351219
0,0,,,0.9994487,0.000551278
0,0,,,2.3007393e-05,0.999977
0,0,Active,Active,0.99961954,0.00038043613
0,0,Active,Active,0.9999014,9.859665e-05
0,0,,,0.99934024,0.0006597655
0,0,Active,Active,0.99491566,0.005084314
0,0,,,0.9999158,8.42468e-05
0,0,,,0.8462366,0.15376341
0,0,,,2.3841858e-06,0.9999976
0,0,Active,Active,0.9996718,0.00032819447
0,0,,,0.00038444996,0.99961555
0,0,,,0.9995886,0.0004113735
0,0,,,0.9998164,0.00018357774
0,0,,,0.0023143291,0.9976857
0,0,Active,Active,0.9998544,0.0001456073
0,0,,,0.92025596,0.07974404
0,0,,,0.9993645,0.00063551613
0,0,,,0.99976665,0.0002333676
0,0,,,0.9997138,0.00028624485
0,0,,,0.99991494,8.50399e-05
0,0,,,0.9996881,0.0003119064
0,0,,,0.9976136,0.002386368
0,0,,,0.99995184,4.8189006e-05
0,0,,,0.99952114,0.00047886683
0,0,,,0.99973017,0.00026981928
0,0,,,0.99707764,0.0029223296
0,0,,,0.99974954,0.00025044332
0,0,,,0.99869996,0.0013000495
0,0,,,0.00012290478,0.9998771
0,0,,,0.9788247,0.021175316
0,0,,,0.0014835,0.9985165
0,0,,,0.999532,0.00046802126
0,0,,,0.99285346,0.0071465266
0,0,Active,Active,0.99988705,0.00011295776
0,0,,,0.99994946,5.0526287e-05
0,0,,,0.9996525,0.00034751024
0,0,,,0.9998551,0.00014487508
0,0,Active,Active,0.99981105,0.00018892477
0,0,,,0.99990803,9.197065e-05
0,0,,,0.99386394,0.0061360477
0,0,,,0.9998074,0.0001925781
0,0,,,0.99106705,0.008932964
0,0,,,0.99935627,0.00064371905
0,0,Active,Active,0.9997421,0.00025788762
0,0,,,0.9994496,0.0005503931
0,0,,,0.9998625,0.00013748516
0,0,,,0.9829892,0.017010799
0,0,Active,Active,0.999935,6.50198e-05
0,0,,,0.9924765,0.0075234487
0,0,,,0.9998966,0.00010342648
0,0,,,0.9997272,0.00027282958
0,0,Failed,Failed,0.99911636,0.00088362914
0,0,,,0.99875325,0.0012467472
0,0,,,0.9936673,0.0063327136
0,0,,,1.6331673e-05,0.99998367
0,0,,,0.9997461,0.00025394422
0,0,Active,Active,0.99988705,0.00011295776
0,0,,,0.9999322,6.778299e-05
0,0,,,0.9954788,0.004521219
0,0,,,0.00016856194,0.99983144
0,0,,,0.9995493,0.00045068772
0,0,,,0.26462388,0.7353761
0,0,Active,Active,0.9998374,0.00016262892
0,0,,,0.9999393,6.064874e-05
0,0,,,0.9965016,0.003498358
0,0,,,0.94592726,0.054072764
0,0,,,0.9992474,0.000752622
0,0,,,0.996918,0.0030819995
0,0,,,0.09458643,0.90541357
0,0,,,0.997042,0.0029579788
0,0,Active,Active,0.999379,0.0006210175
0,0,,,0.9993491,0.00065088226
0,0,,,0.9998167,0.00018327883
0,0,,,0.9999547,4.5325327e-05
0,0,,,1.8239021e-05,0.99998176
0,0,,,0.002955854,0.99704415
0,0,,,0.99995977,4.0261897e-05
0,0,,,0.9997902,0.00020981405
0,0,,,0.9989599,0.0010401134
0,0,,,0.9999666,3.338173e-05
0,0,,,0.99920666,0.00079333823
0,0,Active,Active,0.99981743,0.00018255397
0,0,Active,Active,0.99991626,8.376719e-05
0,0,,,0.99990535,9.462562e-05
0,0,,,0.939577,0.06042303
0,0,,,0.99885476,0.0011452488
0,0,,,0.9998241,0.00017587465
0,0,,,0.9993325,0.000667538
0,0,,,0.9999222,7.776358e-05
0,0,,,0.9977657,0.0022342806
0,0,,,0.9998534,0.00014662088
0,0,,,0.9998469,0.00015314843
0,0,,,0.9978658,0.0021341823
0,0,Active,Active,0.9998863,0.00011374387
0,0,,,0.9998406,0.00015939008
0,0,,,0.99986017,0.00013982941
0,0,,,0.99978095,0.00021903966
0,0,,,0.99874055,0.0012594237
0,0,,,0.9997138,0.00028624485
0,0,,,0.99538845,0.004611542
0,0,,,0.9997723,0.00022768787
0,0,,,0.99956614,0.0004338736
0,0,,,0.9999501,4.9907914e-05
0,0,,,0.999841,0.00015900376
0,0,,,0.9997138,0.00028624485
0,0,,,0.9998873,0.00011272716
0,0,,,0.99725956,0.0027404232
0,0,,,0.9995822,0.00041781052
0,0,Active,Active,0.99985087,0.00014911052
0,0,,,0.99843323,0.0015667635
0,0,Active,Active,0.9999349,6.509803e-05
0,0,,,0.9981152,0.0018848188
0,0,,,0.9986873,0.0013126539
0,0,,,9.953976e-05,0.99990046
0,0,,,0.9999674,3.263074e-05
0,0,Active,Active,0.9998746,0.00012539011
0,0,,,0.99977916,0.00022084036
0,0,,,0.9999197,8.029631e-05
0,0,,,0.9947539,0.005246085
0,0,Failed,Failed,0.99975806,0.00024194362
0,0,,,0.9998802,0.0001198182
0,0,,,0.9972467,0.0027532997
0,0,,,0.9247985,0.07520152
0,0,,,0.99939495,0.00060506194
0,0,,,4.053116e-06,0.99999595
0,0,,,0.99995047,4.95425e-05
0,0,,,0.99971557,0.00028442545
0,0,,,0.99082637,0.009173613
0,0,,,0.9989311,0.0010689019
0,0,,,0.99989915,0.00010082902
0,0,Active,Active,0.9994421,0.0005578716
0,0,,,0.0003556013,0.9996444
0,0,,,0.9999153,8.4690706e-05
0,0,Active,Active,0.99961954,0.00038043613
0,0,,,0.99984366,0.00015636641
0,0,Active,Active,0.99975276,0.00024724656
0,0,,,0.9999456,5.442388e-05
0,0,,,0.99990535,9.462562e-05
0,0,,,0.9996069,0.0003930786
0,0,Active,Active,0.9999355,6.449606e-05
0,0,,,0.98662835,0.013371671
0,0,Failed,Failed,0.99993867,6.13205e-05
0,0,,,0.0026133657,0.99738663
0,0,,,0.000108242035,0.99989176
0,0,,,0.9998683,0.00013170108
0,0,,,0.9791724,0.020827614
0,0,,,0.9979244,0.0020756205
0,0,,,0.99997276,2.7243048e-05
0,0,Active,Active,0.9997104,0.00028960285
0,0,,,0.9997886,0.00021143391
0,0,,,0.9992593,0.0007407311
0,0,,,0.9999742,2.5786103e-05
0,0,,,0.9984026,0.0015973975
0,0,,,0.00038528442,0.9996147
0,0,Active,Active,0.9998948,0.00010517451
0,0,,,0.99881697,0.0011830392
0,0,,,0.999517,0.00048300304
0,0,Active,Active,0.9998935,0.00010653132
0,0,Active,Active,0.99975824,0.0002417437
0,0,,,0.99982274,0.00017725787
0,0,,,0.99993885,6.1128005e-05
0,0,,,0.9999246,7.5419615e-05
0,0,,,0.9998279,0.00017209617
0,0,,,0.99884856,0.0011514171
0,0,,,0.9872466,0.012753417
0,0,,,0.99244785,0.007552154
0,0,Active,Active,0.999213,0.00078702107
0,0,,,0.9982095,0.0017905418
0,0,,,0.9997651,0.00023488286
0,0,,,0.9999636,3.640236e-05
0,0,,,0.9997475,0.0002524658
0,0,Active,Active,0.99961954,0.00038043613
0,0,,,0.9998279,0.00017209617
0,0,,,0.99981964,0.00018038144
0,0,,,0.9998439,0.0001561011
0,0,,,0.99819916,0.001800836
0,0,Active,Active,0.99981445,0.00018555381
0,0,Active,Active,0.9999194,8.055938e-05
0,0,,,0.99989706,0.00010291902
0,0,,,0.9993727,0.00062725233
0,0,Active,Active,0.99985087,0.00014911052
0,0,,,0.9984026,0.0015973975
0,0,,,0.99986184,0.000138148
0,0,,,0.9839696,0.01603038
0,0,Active,Active,0.9999194,8.055938e-05
0,0,,,0.999938,6.2005834e-05
0,0,,,0.99934125,0.0006587659
0,0,Active,Active,0.99993,6.997946e-05
0,0,,,0.9999694,3.0571304e-05
0,0,,,0.9998497,0.0001503006
0,0,Active,Active,0.99967647,0.0003235355
0,0,Active,Active,0.9989299,0.0010700567
0,0,,,0.99937546,0.0006245355
0,0,,,5.9723854e-05,0.9999403
0,0,,,0.9998873,0.00011273233
0,0,,,8.225441e-06,0.9999918
0,0,Active,Active,0.99979633,0.00020368629
0,0,,,1.8835068e-05,0.99998116
0,0,,,0.9998406,0.00015939008
0,0,Active,Active,0.99993294,6.702631e-05
0,0,Active,Active,0.99491566,0.005084314
0,0,,,0.9998406,0.00015939008
0,0,,,0.1977343,0.8022657
0,0,Active,Active,0.9995239,0.00047611748
0,0,Active,Active,0.9996596,0.0003403917
0,0,,,0.99994886,5.111892e-05
0,0,,,0.9984406,0.0015593471
0,0,Active,Active,0.9998676,0.00013237921
0,0,,,0.99685574,0.0031442854
0,0,,,0.99994534,5.467592e-05
0,0,,,0.9987247,0.0012752874
0,0,,,0.999527,0.00047304493
0,0,,,0.9999479,5.20864e-05
0,0,,,0.99915636,0.0008436393
0,0,,,1.9311905e-05,0.9999807
0,0,,,0.0003271103,0.9996729
0,0,Active,Active,0.9998158,0.00018417102
0,0,,,0.0008445978,0.9991554
0,0,,,0.99870104,0.0012989845
0,0,,,0.99993664,6.338114e-05
0,0,,,0.99966776,0.00033220783
0,0,Active,Active,0.99979633,0.00020368629
0,0,,,0.9996562,0.0003438052
0,0,Active,Active,0.99989355,0.00010643932
0,0,,,0.9895956,0.01040441
0,0,,,0.99105483,0.008945151
0,0,Active,Active,0.9999194,8.055938e-05
0,0,,,0.9986325,0.0013675217
0,0,Failed,Failed,0.99983525,0.00016472676
0,0,,,0.0035253167,0.9964747
0,0,,,0.9998488,0.00015121745
0,0,Active,Active,0.99962443,0.00037559215
0,0,,,4.172325e-06,0.9999958
0,0,,,0.99991775,8.226714e-05
0,0,,,0.00016951561,0.9998305
0,0,Active,Active,0.9930734,0.006926574
0,0,,,0.9997682,0.00023178806
0,0,,,0.9976975,0.002302522
0,0,,,0.99995637,4.3657783e-05
0,0,Active,Active,0.9988102,0.0011898165
0,0,,,0.9993238,0.00067621464
0,0,,,0.9994487,0.000551278
0,0,,,0.99887174,0.0011282606
0,0,,,0.99963194,0.00036806823
0,0,,,0.99991953,8.045405e-05
0,0,,,0.016376138,0.98362386
0,0,Active,Active,0.99491566,0.005084314
0,0,Active,Active,0.99955225,0.00044776208
0,0,,,0.9990545,0.00094552856
0,0,,,0.99989545,0.000104537
0,0,,,0.99928516,0.00071481743
0,0,,,0.9995309,0.00046909766
0,0,Active,Active,0.9992576,0.0007423964
0,0,,,0.00080925226,0.99919075
0,0,Active,Active,0.9999158,8.42468e-05
0,0,,,0.9978258,0.002174184
0,0,,,0.9808402,0.019159803
0,0,,,0.9994833,0.0005167043
0,0,,,0.32204854,0.67795146
0,0,,,0.99943894,0.0005610845
0,0,,,0.9997171,0.00028289907
0,0,,,0.99766445,0.002335567
0,0,,,0.99710625,0.002893744
0,0,,,0.99983376,0.00016625931
0,0,Failed,Failed,0.999213,0.00078702107
0,0,,,0.99916005,0.0008399768
0,0,,,0.9999097,9.032689e-05
0,0,,,0.9999116,8.8367946e-05
0,0,,,0.99948514,0.0005148584
0,0,Active,Active,0.9985877,0.0014122456
0,0,,,0.99991494,8.50399e-05
0,0,,,0.0006286502,0.99937135
0,0,Failed,Failed,0.9996392,0.00036076677
0,0,,,0.99996674,3.328097e-05
0,0,Active,Active,0.99975276,0.00024724656
0,0,Active,Active,0.99988997,0.00011004758
0,0,,,0.9999637,3.6295183e-05
0,0,,,0.9999366,6.340321e-05
0,0,,,0.9993907,0.0006092884
0,0,,,0.9985915,0.0014085377
0,0,,,0.99895597,0.0010440566
0,0,Active,Active,0.99880695,0.0011930304
0,0,,,0.9999246,7.5419615e-05
0,0,Failed,Failed,0.9997117,0.00028833334
0,0,,,0.99811363,0.0018863615
0,0,,,0.998646,0.0013539728
0,0,,,0.9999097,9.032689e-05
0,0,,,0.9999555,4.4498272e-05
0,0,,,0.99991035,8.961821e-05
0,0,,,0.0008019805,0.999198
0,0,Active,Active,0.9997941,0.000205878
0,0,,,0.9999423,5.7722726e-05
0,0,Active,Active,0.9786456,0.021354359
0,0,Active,Active,0.99984497,0.00015504756
0,0,,,0.9997518,0.00024820407
0,0,,,0.9999425,5.750576e-05
0,0,,,0.999985,1.5030123e-05
0,0,,,0.99970984,0.00029015477
0,0,,,0.99934125,0.0006587659
0,0,,,0.99974483,0.0002551638
0,0,,,0.9998941,0.00010593031
0,0,,,0.99969804,0.00030198687
0,0,,,0.99886894,0.0011310709
0,0,,,0.9999552,4.483238e-05
0,0,,,0.9999393,6.064874e-05
0,0,Active,Active,0.9999467,5.32672e-05
0,0,Active,Active,0.9999715,2.8485352e-05
0,0,,,0.99983066,0.00016933259
0,0,,,0.9972592,0.0027408246
0,0,,,0.00031673908,0.99968326
0,0,,,0.99951375,0.0004862531
0,0,,,0.99934715,0.00065284356
0,0,,,0.99799234,0.002007647
0,0,,,0.99973273,0.0002672623
0,0,,,0.9983227,0.0016772689
0,0,,,0.9999841,1.592875e-05
0,0,Active,Active,0.99980533,0.00019466758
0,0,,,0.9984925,0.0015075383
0,0,,,0.99537116,0.004628855
0,0,Active,Active,0.9998533,0.00014669388
0,0,,,0.9991682,0.0008317877
0,0,,,0.99970824,0.00029175894
0,0,,,0.99974954,0.00025044332
0,0,,,0.99773955,0.0022604633
0,0,,,0.99983966,0.00016032813
0,0,,,0.9999027,9.7299504e-05
0,0,,,0.9998795,0.00012053845
0,0,,,0.9989255,0.0010744956
0,0,Active,Active,0.99974483,0.0002551638
0,0,,,0.9999858,1.4194288e-05
0,0,,,5.4836273e-06,0.9999945
0,0,,,0.99875516,0.0012448285
0,0,Active,Active,0.9998789,0.00012114177
0,0,,,0.99870104,0.0012989845
0,0,,,0.9994962,0.0005037964
0,0,,,0.9996256,0.0003743896
0,0,,,0.54634064,0.45365936
0,0,,,0.982737,0.017263014
0,0,,,0.99920076,0.0007992309
0,0,Active,Active,0.9996582,0.00034179454
0,0,,,0.9997188,0.00028121728
0,0,,,0.9999258,7.420216e-05
0,0,,,0.99993086,6.913251e-05
0,0,,,0.9995885,0.00041152805
0,0,,,0.9995309,0.00046909766
0,0,,,0.99971026,0.00028972494
0,0,,,0.9998845,0.00011552353
0,0,Active,Active,0.99961954,0.00038043613
0,0,,,0.9984055,0.0015945019
0,0,,,0.99988675,0.00011326548
0,0,,,0.9996105,0.00038948783
0,0,,,0.99995846,4.1521715e-05
0,0,Active,Active,0.9997123,0.0002877056
0,0,,,0.9998053,0.0001947201
0,0,Active,Active,0.99986976,0.00013021857
0,0,,,0.9996054,0.00039459145
0,0,,,0.99991864,8.135027e-05
0,0,,,0.9942475,0.0057525015
0,0,,,0.0021839142,0.9978161
0,0,,,2.9563904e-05,0.99997044
0,0,,,0.9999546,4.5390727e-05
0,0,,,0.99981046,0.00018952541
0,0,,,0.99993956,6.0429593e-05
0,0,,,0.99990535,9.462562e-05
0,0,,,0.9976757,0.002324278
0,0,,,0.99947387,0.00052614725
0,0,Active,Active,0.99811006,0.0018899335
0,0,Failed,Failed,0.9999193,8.0730635e-05
0,0,,,0.9989996,0.0010003857
0,0,,,0.99996483,3.5156303e-05
0,0,,,0.99995244,4.7556136e-05
0,0,Active,Active,0.9999194,8.055938e-05
0,0,Failed,Active,0.9999218,7.8206955e-05
0,0,,,0.9999227,7.7327e-05
0,0,Failed,Failed,0.99900407,0.0009959333
0,0,Active,Active,0.99992424,7.578195e-05
0,0,,,0.99991006,8.995075e-05
0,0,,,4.4107437e-06,0.9999956
0,0,,,0.99826676,0.0017332317
0,0,,,0.99851894,0.0014810581
0,0,,,0.9921209,0.0078791035
0,0,Failed,Failed,0.9993345,0.0006654924
0,0,,,0.99663776,0.0033622524
0,0,,,0.9999815,1.848182e-05
0,0,,,0.9993812,0.000618803
0,0,,,0.9985303,0.0014696745
0,0,,,0.99904305,0.0009569766
0,0,,,0.99774516,0.002254835
0,0,Active,Active,0.99962443,0.00037559215
0,0,,,0.99917847,0.00082152046
0,0,Active,Failed,0.9992576,0.0007423964
0,0,Active,Active,0.9905709,0.009429125
0,0,Active,Active,0.9998705,0.0001295289
0,0,Active,Active,0.99961954,0.00038043613
0,0,Active,Active,0.9998779,0.00012207689
0,0,,,0.9993458,0.0006541986
0,0,,,0.99991703,8.2952334e-05
0,0,,,0.99963677,0.00036322596
0,0,Active,Active,0.99981284,0.00018717548
0,0,,,0.9881552,0.011844835
0,0,,,2.7894974e-05,0.9999721
0,0,Failed,Failed,0.9995376,0.00046243359
0,0,Active,Active,0.99961954,0.00038043613
0,0,,,0.0013477206,0.9986523
0,0,,,0.9944595,0.00554049
0,0,Failed,Failed,0.999724,0.00027603787
0,0,Active,Active,0.9977573,0.0022426588
0,0,,,0.9986211,0.0013788943
0,0,,,0.99993736,6.262468e-05
0,0,,,0.9998854,0.000114624294
0,0,,,0.99990135,9.8647135e-05
0,0,,,0.9996286,0.00037139197
0,0,,,0.00021058321,0.9997894
0,0,,,0.9997564,0.00024361486
0,0,,,0.9894943,0.010505694
0,0,,,0.9381628,0.061837193
0,0,,,0.99978757,0.00021243659
0,0,Failed,Failed,0.99884284,0.0011571352
0,0,,,0.9996286,0.00037139197
0,0,,,2.4199486e-05,0.9999758
0,0,,,0.014948845,0.98505116
0,0,,,0.9987619,0.0012381084
0,0,,,0.9986326,0.0013674157
0,0,Active,Active,0.99929416,0.0007058403
0,0,,,0.9995846,0.00041538881
0,0,,,0.9998625,0.00013748516
0,0,,,0.9999248,7.5227545e-05
0,0,,,0.9890383,0.010961691
0,0,,,0.9999393,6.064874e-05
0,0,,,0.998833,0.0011670175
0,0,,,0.99970555,0.00029447666
0,0,,,0.99886894,0.0011310709
0,0,,,0.999095,0.0009049774
0,0,,,0.9983692,0.0016307794
0,0,,,0.9978931,0.0021069238
0,0,,,0.99944466,0.00055530976
0,0,,,0.9986987,0.0013012778
0,0,Active,Active,0.99955225,0.00044776208
0,0,Active,Active,0.9998176,0.00018239113
0,0,,,1.9073486e-06,0.9999981
0,0,,,0.9962263,0.0037736958
0,0,,,0.9998252,0.00017479832
0,0,Active,Active,0.9998528,0.0001472115
0,0,,,0.98705477,0.012945247
0,0,,,0.99764174,0.0023582669
0,0,,,0.9994432,0.00055680936
0,0,,,3.3020973e-05,0.999967
0,0,,,9.059906e-06,0.99999094
0,0,,,0.99993783,6.21833e-05
0,0,Active,Active,0.99969065,0.00030936836
0,0,,,0.9999515,4.852837e-05
0,0,Active,Active,0.99993,6.997946e-05
0,0,Active,Active,0.95742434,0.042575642
0,0,,,0.9999511,4.8846974e-05
0,0,,,0.7304219,0.2695781
0,0,,,0.9999246,7.5419615e-05
0,0,,,0.9996429,0.00035710662
0,0,,,0.99961686,0.00038313016
0,0,,,0.00011241436,0.9998876
0,0,,,0.9998941,0.00010593031
0,0,,,0.9990339,0.000966072
0,0,Active,Active,0.9998862,0.00011380962
0,0,,,0.9996718,0.00032820698
0,0,,,0.9999671,3.292212e-05
0,0,,,0.99759793,0.0024020749
0,0,,,0.9995628,0.00043722917
0,0,,,0.00015568733,0.9998443
0,0,,,0.65845156,0.34154844
0,0,,,0.9990368,0.0009631876
0,0,,,5.00679e-06,0.999995
0,0,Active,Active,0.9922028,0.0077971597
0,0,,,0.69545096,0.30454904
0,0,,,0.2758609,0.7241391
0,0,Active,Active,0.9995034,0.0004965994
0,0,,,2.7775764e-05,0.9999722
0,0,,,0.99987084,0.00012917626
0,0,Active,Active,0.9995054,0.0004945827
0,0,,,0.99881697,0.0011830392
0,0,,,0.9954113,0.0045886943
0,0,,,0.99919605,0.00080393156
0,0,,,0.99973065,0.00026937356
0,0,,,0.99962705,0.00037296288
0,0,Active,Active,0.9944595,0.00554049
0,0,,,0.99977183,0.00022819251
0,0,,,0.9994646,0.000535403
0,0,,,0.9994428,0.0005571943
0,0,Active,Active,0.99991626,8.376719e-05
0,0,,,0.99660313,0.0033968866
0,0,,,0.99985486,0.00014515177
0,0,Failed,Failed,0.99985087,0.00014911052
0,0,Active,Active,0.99974394,0.00025604598
0,0,Active,Active,0.9999467,5.32672e-05
0,0,,,9.775162e-06,0.9999902
0,0,,,0.99975383,0.00024618988
0,0,Active,Active,0.99993,6.997946e-05
0,0,,,0.9632881,0.036711887
0,0,,,0.99030733,0.009692687
0,0,,,0.9956868,0.004313156
0,0,,,0.9998488,0.00015121745
0,0,Active,Active,0.99979633,0.00020368629
0,0,,,0.9999136,8.640393e-05
0,0,,,0.99953413,0.00046584496
0,0,,,0.9998488,0.00015121745
0,0,,,0.99962825,0.00037174052
0,0,,,0.00028830767,0.9997117
0,0,Active,Active,0.99946404,0.00053594273
0,0,,,0.99600714,0.0039928793
0,0,,,0.99962825,0.00037174052
0,0,,,0.99848753,0.0015124759
0,0,Active,Active,0.99974155,0.00025843875
0,0,,,0.99991494,8.50399e-05
0,0,Active,Active,0.99988705,0.00011295776
0,0,,,0.99947053,0.0005294891
0,0,,,0.9997902,0.00020981405
0,0,,,0.9974881,0.002511933
0,0,Active,Active,0.82631266,0.17368734
0,0,,,0.99957484,0.0004251822
0,0,,,0.9997469,0.00025309605
0,0,,,0.99886376,0.0011362534
0,0,,,0.9999019,9.81081e-05
0,0,,,0.99998516,1.4851421e-05
0,0,,,0.9999571,4.2892025e-05
0,0,Active,Active,0.99991894,8.109058e-05
0,0,,,0.9998941,0.00010593031
0,0,,,0.9998028,0.00019717863
0,0,,,0.9995628,0.00043722917
0,0,,,0.9998795,0.00012053845
0,0,Active,Active,0.99987257,0.000127441
0,0,Active,Active,0.99992216,7.7838515e-05
0,0,,,0.9993288,0.0006711927
0,0,,,0.99550474,0.0044952417
0,0,,,0.99973416,0.0002658445
0,0,,,0.81836843,0.18163155
0,0,,,1.0728836e-05,0.9999893
0,0,,,0.99973947,0.00026054887
0,0,,,0.9984064,0.001593589
0,0,Active,Active,0.9998549,0.00014505659
0,0,,,0.98968846,0.010311564
0,0,Active,Active,0.9998158,0.00018417102
0,0,,,0.99854136,0.0014586658
0,0,,,0.9998927,0.00010726341
0,0,,,0.9998406,0.00015939008
0,0,,,0.99986637,0.00013362538
0,0,,,0.9996239,0.00037609917
0,0,Active,Active,0.99979633,0.00020368629
0,0,,,0.9969878,0.0030121773
0,0,,,0.99989134,0.00010864922
0,0,,,0.0006362796,0.9993637
0,0,,,0.99886894,0.0011310709
0,0,,,0.9981265,0.0018735228
0,0,,,0.00020486116,0.99979514
0,0,,,0.9995793,0.00042066703
0,0,,,0.9985339,0.0014660689
0,0,,,0.9998873,0.00011272716
0,0,,,0.99882454,0.001175453
0,0,,,0.9998405,0.00015947476
0,0,,,7.033348e-06,0.99999297
0,0,,,2.5987625e-05,0.999974
0,0,Active,Active,0.99767697,0.0023230475
0,0,,,0.99985886,0.00014114246
0,0,,,0.99871963,0.0012803838
0,0,,,0.99962425,0.00037573077
0,0,,,0.999532,0.00046802126
0,0,,,0.9998625,0.00013748516
0,0,,,0.99730027,0.002699734
0,0,,,0.9995423,0.00045771955
0,0,,,0.9996585,0.0003414571
0,0,,,0.9988194,0.0011805941
0,0,,,0.99989545,0.000104537
0,0,,,0.99990183,9.815498e-05
0,0,,,0.9992658,0.0007342278
0,0,,,0.99920666,0.00079333823
0,0,,,0.9989394,0.0010606172
0,0,,,0.99886894,0.0011310709
0,0,,,0.9995628,0.00043722917
0,0,,,0.14619619,0.8538038
0,0,Failed,Failed,0.9999282,7.183012e-05
0,0,Failed,Failed,0.9968862,0.0031137944
0,0,,,0.99988574,0.00011426013
0,0,,,0.99882454,0.001175453
0,0,,,0.9998683,0.00013170108
0,0,,,0.9999351,6.489969e-05
0,0,,,0.9961156,0.0038843693
0,0,,,0.99984384,0.00015619013
0,0,Active,Active,0.99996793,3.2054846e-05
0,0,,,0.9987952,0.0012047879
0,0,,,0.99992234,7.767309e-05
0,0,,,0.99975675,0.00024324445
0,0,,,0.9998331,0.000166884
0,0,,,0.99984664,0.00015336543
0,0,,,0.9996997,0.00030025947
0,0,Active,Active,0.9992649,0.0007351219
0,0,Active,Active,0.9996682,0.0003317954
0,0,Active,Active,0.99988997,0.00011004758
0,0,,,8.583069e-06,0.9999914
0,0,,,0.9895956,0.01040441
0,0,,,0.99935555,0.0006444673
0,0,,,0.99962026,0.00037975132
0,0,,,0.99992156,7.844679e-05
0,0,,,0.9999673,3.2736185e-05
0,0,,,0.9989006,0.0010993829
0,0,,,0.99991775,8.226714e-05
0,0,,,0.9998941,0.00010593031
0,0,,,0.9998241,0.00017587465
0,0,,,0.99996966,3.036029e-05
0,0,Active,Active,0.99937314,0.0006268573
0,0,Active,Active,0.99989134,0.000108646
0,0,,,0.99992573,7.425886e-05
0,0,,,0.9999799,2.0073641e-05
0,0,,,0.99920666,0.00079333823
0,0,,,0.9998683,0.00013170108
0,0,,,0.9992822,0.0007178382
0,0,,,0.99997485,2.51347e-05
0,0,,,0.99957335,0.0004266469
0,0,,,0.99976283,0.00023717397
0,0,Active,Active,0.9998499,0.00015009365
0,0,,,0.99988586,0.00011411673
0,0,,,0.00016117096,0.9998388
0,0,,,0.99996066,3.9352904e-05
0,0,Active,Active,0.99989355,0.00010643932
0,0,,,0.9999483,5.165689e-05
0,0,Failed,Failed,0.9998847,0.00011524945
0,0,,,0.9996062,0.00039379325
0,0,,,0.9764496,0.0235504
0,0,Active,Active,0.999919,8.102958e-05
0,0,,,0.9834933,0.016506644
0,0,,,0.9999702,2.97926e-05
0,0,,,0.9998574,0.00014260023
0,0,,,0.99994355,5.646513e-05
0,0,,,0.99969804,0.00030198687
0,0,Failed,Failed,0.9991165,0.00088349654
0,0,,,0.0005354285,0.9994646
0,0,,,0.99983704,0.00016295628
0,0,,,0.99671304,0.0032869703
0,0,,,0.99989337,0.00010664088
0,0,,,0.999344,0.0006559854
0,0,,,0.7906335,0.2093665
0,0,,,1.5258789e-05,0.99998474
0,0,,,0.9991181,0.00088190485
0,0,Active,Active,0.9998219,0.00017808747
0,0,,,0.99202,0.007979996
0,0,,,0.9993351,0.0006649088
0,0,,,0.9996145,0.0003855138
0,0,,,0.9989599,0.0010401134
0,0,,,0.956039,0.043961015
0,0,,,0.997786,0.0022139868
0,0,Active,Active,0.9977589,0.0022411004
0,0,Active,Active,0.99908596,0.0009140657
0,0,Active,Active,0.9974144,0.0025855778
0,0,Active,Active,0.9996599,0.000340103
0,0,,,0.9998845,0.00011552353
0,0,,,0.99992055,7.946594e-05
0,0,,,0.99990755,9.242183e-05
0,0,,,0.00012993813,0.99987006
0,0,Active,Active,0.99993,6.997946e-05
0,0,Active,Active,0.99988705,0.00011295776
0,0,,,0.9998795,0.00012053845
0,0,,,0.99991035,8.961821e-05
0,0,,,0.99983704,0.00016295628
0,0,,,0.9998696,0.0001304149
0,0,Active,Active,0.99988997,0.00011004758
0,0,,,0.9999681,3.1901727e-05
0,0,,,0.99990755,9.244219e-05
0,0,,,0.99689513,0.0031048465
0,0,Active,Active,0.99979496,0.00020506457
0,0,,,0.9999393,6.064874e-05
0,0,,,0.00019961596,0.9998004
0,0,,,0.9999393,6.064874e-05
0,0,,,0.9961694,0.0038305945
0,0,,,0.97583944,0.024160584
0,0,Active,Active,0.9999193,8.0730635e-05
0,0,Active,Active,0.99979633,0.00020368629
0,0,,,0.99712855,0.0028714328
0,0,,,0.99920833,0.0007916798
0,0,Active,Active,0.99965274,0.0003472708
0,0,,,0.99872845,0.0012715311
0,0,Failed,Failed,0.99988395,0.00011607863
0,0,,,0.9998279,0.00017209617
0,0,Active,Active,0.9995921,0.00040785025
0,0,Active,Active,0.99975806,0.00024194362
0,0,Active,Active,0.9999158,8.42468e-05
0,0,,,0.99636626,0.0036337313
0,0,,,0.0006057024,0.9993943
0,0,,,0.9998488,0.00015121745
0,0,,,0.9995654,0.00043457476
0,0,,,0.9997272,0.00027282958
